year,total_revenue,tax_revenue,vat_revenue,gdp,cpi_index,tax_to_gdp,vat_to_gdp,vat_to_tax,real_vat_bn,nom_vat_bn
2005,837858.3,692206.5,181039,3041405.8000000003,NA,22.759425920737048,5.952477633862603,26.153900606249724,NA,181.039
2006,1360409.8,1128140.6,241282.6,4027558.5,37.03024747937671,28.010532932048044,5.990790698632931,21.387635548264107,651.5824668316833,241.2826
2007,1880488.9,1502309.9,265051.2,4956647.100000001,40.59661694858762,30.30899456206999,5.34738896380176,17.642911093110683,652.8898709359606,265.0512
2008,2170370,1890896.7,368049.5,6555569.399999999,51.94567119406716,28.84412603426943,5.614302550133937,19.464283797205844,708.5277589829966,368.0495
2009,1993995.6,1620549.8,325956.4,6590637.199999999,55.903674693775514,24.58866647977528,4.945749403411252,20.113939108813565,583.0679320912208,325.95640000000003
2010,3122464,2688236,579120,9756588.440000001,61.51987334388801,27.553032666406082,5.935681345599527,21.542751454857385,941.3543437626981,579.12
2011,4482026.4,3668308,1114383,13173763.340000002,66.6944421298225,27.845558670860406,8.459108997474976,30.37866504121246,1670.8783586956524,1114.383
2012,4957777,4203321.5,1296451,16688419.549999999,76.25197900174986,25.187055535166003,7.7685666765251,30.843488893247876,1700.21947885477,1296.451
2013,5986925,5072793,1435092,19174242.5,84.2513123906341,26.45628895118021,7.484478200377407,28.2899775330868,1703.3467601621999,1435.092
2014,6316523,5157025,1371725,22227054.3,94.57545204566284,23.201567469963845,6.171420564712437,26.59915358176468,1450.4027951541852,1371.725
2015,5983398,5118979,1049589,22894780.89,100,22.35871583394743,4.584402904062909,20.503873917044785,1049.589,1049.589
2016,5835044,4950950,1140721,23931342.65,100.73327222731437,20.68814137346364,4.7666402035324165,23.04044678294065,1132.4172984531397,1140.721
2017,7958265,6315132,1618492,28010710.57,105.06624447962669,22.545418775500917,5.778118323543835,25.628791290506676,1540.4490833531606,1618.492
2018,10172761.1,8227776,2196413,32582629.060000002,112.24897925172903,25.2520322557421,6.741055167633547,26.695099623519162,1956.7331610867789,2196.413
2019,12040327,9813196,2486268,37839225.4,120.3733022248146,25.933924112516323,6.570610190133544,25.335965978871716,2065.4646454381837,2486.268
2020,10444167,8511605,2208954,37453275.34,124.87292725606197,22.725929635610875,5.897892720855959,25.952261647480118,1768.9614943280399,2208.954
2021,14306356.6,11299930.3,2837709.7,43555484.5,133.74718773435544,25.94375984957761,6.515160450115071,25.112630119497283,2121.6967235499355,2837.7097000000003
2022,18521558.1,15458976.5,3946188.2,53851544.400000006,154.01380087342253,28.706653954385008,7.327901630245537,25.526840020747816,2562.2302531467335,3946.1882
2023,24387061.7,21484155,4776991.2,70441515.9,169.95091725071143,30.49927975783383,6.781499714999744,22.234950362255347,2810.806365318398,4776.9912
2024,31456623.299999997,27417367.7,5866759.3,80663051,181.5066244350258,33.989995865641134,7.273168107663073,21.397967026571994,3232.2562982268078,5866.7593
