sector,year,threshold,b,b_se,b_ci_lo,b_ci_hi,B,M,zU,converged,type,label,period,Post,B2C,B2C_Post
Retail,2014,10,4.367949343803421,0.2581434300232468,3.8897293240496627,4.926808109988173,1059.7574465228993,893.4480656593269,20,FALSE,B2C,Retail (B2C),Pre-reform (2014-15),0,1,0
Retail,2015,10,4.049912471043564,0.19176269928199202,3.6393479589399034,4.396384880235608,767.8209604717963,156.11974928942897,20,FALSE,B2C,Retail (B2C),Pre-reform (2014-15),0,1,0
Retail,2016,50,2.0888420043979807,0.16587188203533706,1.7615363071848862,2.4303317198356895,96.55328780289844,97.19331604042466,61,TRUE,B2C,Retail (B2C),Post-reform (2016-23),1,1,1
Retail,2017,50,1.7553951898719011,0.17095727491641638,1.45577529046471,2.086342052036072,93.01914315878537,109.30664756993406,63,TRUE,B2C,Retail (B2C),Post-reform (2016-23),1,1,1
Retail,2018,50,2.4170469197223867,0.2017118649984366,2.0233111391068634,2.8361097769492725,134.61336342088882,152.0637341668269,66,TRUE,B2C,Retail (B2C),Post-reform (2016-23),1,1,1
Retail,2019,50,2.219728408372683,0.1763871622031182,1.8927855624841428,2.588086509278177,129.93085426545056,130.48356796040034,64,TRUE,B2C,Retail (B2C),Post-reform (2016-23),1,1,1
Retail,2020,50,1.5805625456558507,0.18125037429684743,1.238101417705127,1.9638245632395916,82.54713952594996,102.39135256724119,62,TRUE,B2C,Retail (B2C),Post-reform (2016-23),1,1,1
Retail,2021,50,1.4869529514570519,0.1566118882682983,1.2195840084881895,1.8296986737591503,79.31659899668082,89.1548194727944,62,TRUE,B2C,Retail (B2C),Post-reform (2016-23),1,1,1
Retail,2022,50,1.9188265456797002,0.17701055202764143,1.598764502520219,2.261721169481312,100.37684426170803,102.43880880590925,58,TRUE,B2C,Retail (B2C),Post-reform (2016-23),1,1,1
Retail,2023,50,1.7033760976073493,0.138503815243401,1.4652400610719183,1.9957321030085033,106.24896531613798,120.06814016995627,65,TRUE,B2C,Retail (B2C),Post-reform (2016-23),1,1,1
Food service,2014,10,3.94465170054674,0.3846456963931312,3.2260391984789325,4.787496406897597,133.37618951451313,96.77854181741114,20,FALSE,B2C,Food service (B2C),Pre-reform (2014-15),0,1,0
Food service,2015,10,2.4110672489646237,0.3078721866362346,1.8818683942455627,3.0611376299259776,70.5107534212818,16.976115035501785,20,FALSE,B2C,Food service (B2C),Pre-reform (2014-15),0,1,0
Food service,2016,50,2.282104787727687,0.5705191124798372,1.365521681048395,3.618116591441754,14.389379130851378,15.42917639366157,63,TRUE,B2C,Food service (B2C),Post-reform (2016-23),1,1,1
Food service,2017,50,1.5786480603256448,0.4418446158622842,0.8172340648406595,2.5738669771932035,11.469373036009532,20.227647128481628,67,TRUE,B2C,Food service (B2C),Post-reform (2016-23),1,1,1
Food service,2018,50,1.2569693792092604,0.2742492305474924,0.7604632141918595,1.8624021271323925,12.349830609848052,16.822802756302067,62,TRUE,B2C,Food service (B2C),Post-reform (2016-23),1,1,1
Food service,2019,50,2.5650372806109565,0.4513937003185263,1.732282658498404,3.531350665300515,21.35172413097388,26.54475343758087,66,TRUE,B2C,Food service (B2C),Post-reform (2016-23),1,1,1
Food service,2020,50,1.301019173811199,0.38799545766423477,0.6377554496703075,2.123226654789594,9.853162805997158,15.47833786577759,59,TRUE,B2C,Food service (B2C),Post-reform (2016-23),1,1,1
Food service,2021,50,0.5641647186872587,0.44470840137556517,-0.04776431184593899,1.7051472637566563,4.180359232360722,33.05917063660827,71,TRUE,B2C,Food service (B2C),Post-reform (2016-23),1,1,1
Food service,2022,50,4.099123496839545,1.5847667976632882,2.2401058671272187,8.016813818829798,26.211277154755404,34.12267043602255,79,TRUE,B2C,Food service (B2C),Post-reform (2016-23),1,1,1
Food service,2023,50,1.5846993307123796,0.45487984355896266,0.8733922672912187,2.5626938251105074,12.820121396771711,15.975877643256375,63,TRUE,B2C,Food service (B2C),Post-reform (2016-23),1,1,1
Wholesale,2014,10,2.3012612568849993,0.16083019944561416,1.9946025694256804,2.6283518923302367,460.6523119251112,536.987602504894,20,TRUE,B2B,Wholesale (B2B),Pre-reform (2014-15),0,0,0
Wholesale,2015,10,2.0330765226761094,0.12107625843881265,1.7953305294776016,2.268370318010546,338.7556411480629,26.248183582821838,20,FALSE,B2B,Wholesale (B2B),Pre-reform (2014-15),0,0,0
Wholesale,2016,50,1.9893000710148498,0.1756650204530022,1.6629139092045042,2.3547108562948424,88.26262910828243,90.7009598365467,60,TRUE,B2B,Wholesale (B2B),Post-reform (2016-23),1,0,0
Wholesale,2017,50,2.0881603872239833,0.1586988676382985,1.7782596444564038,2.3905259245050674,109.81821668645776,127.9362847336714,61,TRUE,B2B,Wholesale (B2B),Post-reform (2016-23),1,0,0
Wholesale,2018,50,2.01670280288931,0.1798399358073951,1.691692053082766,2.3949435440810642,118.99276290517672,132.795015593325,62,TRUE,B2B,Wholesale (B2B),Post-reform (2016-23),1,0,0
Wholesale,2019,50,1.904050266525469,0.14941142745984334,1.6300654302546,2.2115865745965997,125.8295706322372,126.91491201598835,62,TRUE,B2B,Wholesale (B2B),Post-reform (2016-23),1,0,0
Wholesale,2020,50,1.1188903691592,0.15072753089650295,0.857688216728258,1.441170468663116,72.46675189519036,82.7265866717812,60,TRUE,B2B,Wholesale (B2B),Post-reform (2016-23),1,0,0
Wholesale,2021,50,1.700362852046179,0.16353302124395067,1.4166548505474847,2.06001166452091,112.12104122973993,131.07789061765894,61,TRUE,B2B,Wholesale (B2B),Post-reform (2016-23),1,0,0
Wholesale,2022,50,2.0483762244625496,0.186161903395146,1.7126335038417766,2.445318231297502,145.2147586650738,153.49592296172753,69,TRUE,B2B,Wholesale (B2B),Post-reform (2016-23),1,0,0
Wholesale,2023,50,3.0062808836764834,0.19480394166856796,2.6588496095003924,3.4228802812129446,253.41177660407496,254.70738024791422,62,TRUE,B2B,Wholesale (B2B),Post-reform (2016-23),1,0,0
Manufacturing,2014,10,3.0180566580965005,0.20589455154151046,2.6554825083220805,3.4480838240012694,248.9958845793333,129.54238462263896,20,FALSE,B2B,Manufacturing (B2B),Pre-reform (2014-15),0,0,0
Manufacturing,2015,10,1.6554294725269392,0.14538950080542462,1.4029921742684133,1.9374971918506878,124.53888342433429,67.86051627663413,20,FALSE,B2B,Manufacturing (B2B),Pre-reform (2014-15),0,0,0
Manufacturing,2016,50,0.9521484016143543,0.2709608764931367,0.4331408125951187,1.516114658612384,13.223618583957677,13.916730556207364,58,TRUE,B2B,Manufacturing (B2B),Post-reform (2016-23),1,0,0
Manufacturing,2017,50,2.5923900730182416,0.48993045780541644,1.773040921157349,3.8023263334395225,40.07928165024671,16.18114585228109,80,FALSE,B2B,Manufacturing (B2B),Post-reform (2016-23),1,0,0
Manufacturing,2018,50,3.6649022443520627,1.034978584804216,2.240489510091672,6.060611959011874,45.286422613985835,-178.89053956552567,80,FALSE,B2B,Manufacturing (B2B),Post-reform (2016-23),1,0,0
Manufacturing,2019,50,2.0956301810386853,0.28440468223666665,1.5668032559143503,2.7310721934859465,45.53904475455893,46.84407057846479,68,TRUE,B2B,Manufacturing (B2B),Post-reform (2016-23),1,0,0
Manufacturing,2020,50,2.6349478067506746,0.627879763559139,1.6439547590812529,4.044068128356207,43.205671706029534,-128.42919411053217,80,FALSE,B2B,Manufacturing (B2B),Post-reform (2016-23),1,0,0
Manufacturing,2021,50,0.9588243655377223,0.22560354209158912,0.5638764185746132,1.4097209199121927,22.683909991204537,63.307767850332674,69,TRUE,B2B,Manufacturing (B2B),Post-reform (2016-23),1,0,0
Manufacturing,2022,50,2.0628112072354265,0.2384944637991386,1.6411770080550152,2.5934571422473365,57.373492029972134,62.64082522891373,59,TRUE,B2B,Manufacturing (B2B),Post-reform (2016-23),1,0,0
Manufacturing,2023,50,2.132877730543205,0.2660899786224928,1.678676839904504,2.7426448396451075,63.47730999105387,88.95457830395956,67,TRUE,B2B,Manufacturing (B2B),Post-reform (2016-23),1,0,0
