term,estimate,std.error,statistic,p.value,year,ci_lo,ci_hi,sig,se_type
B2Cx2014,0.110404702281759,0.994505312082454,0.11101469337612285,0.9128331926750001,2014,-1.8388257093998508,2.0596351139633686,FALSE,conventional OLS (not wild-bootstrap)
NA,0,0,NA,1,2015,0,0,FALSE,reference year (normalised to 0)
B2Cx2016,-0.6714877026543395,0.9945053120824542,-0.6751977033167086,0.5081316083663191,2016,-2.6207181143359497,1.2777427090272706,FALSE,conventional OLS (not wild-bootstrap)
B2Cx2017,-2.059490467424909,0.9945053120824536,-2.0708692476588384,0.05302422414555404,2017,-4.008720879106518,-0.11026005574329978,FALSE,conventional OLS (not wild-bootstrap)
B2Cx2018,-2.390031236557436,0.9945053120824549,-2.4032362698524,0.027245251260520388,2018,-4.339261648239047,-0.4408008248758244,TRUE,conventional OLS (not wild-bootstrap)
B2Cx2019,-0.9936942416928284,0.994505312082454,-0.9991844484089006,0.33094905345169856,2019,-2.942924653374438,0.9555361699887813,FALSE,conventional OLS (not wild-bootstrap)
B2Cx2020,-1.8223650906239832,0.9945053120824547,-1.8324337421667691,0.08348382594170072,2020,-3.7715955023055945,0.12686532105762804,FALSE,conventional OLS (not wild-bootstrap)
B2Cx2021,-1.6902716361223662,0.9945053120824539,-1.699610465210091,0.10641956071607948,2021,-3.6395020478039757,0.2589587755592433,FALSE,conventional OLS (not wild-bootstrap)
B2Cx2022,-0.43285555699193684,0.9945053120824536,-0.43524710399540745,0.6685570807392753,2022,-2.382085968673546,1.5163748546896723,FALSE,conventional OLS (not wild-bootstrap)
B2Cx2023,-2.3117784553525502,0.9945053120824539,-2.3245511384064703,0.031995177375579255,2023,-4.2610088670341595,-0.36254804367094073,TRUE,conventional OLS (not wild-bootstrap)
