sector,year,threshold,b,b_se,b_ci_lo,b_ci_hi,B,M,zU,converged,type,label,period,Post,B2C,B2C_Post,excl_lo
Retail,2014,10,4.367949343803421,0.260052997100223,3.848323001369378,4.911278872686463,1059.7574465228993,893.4480656593269,20,FALSE,B2C,Retail (B2C),Pre-reform (2014-15),0,1,0,2
Retail,2015,10,4.049912471043564,0.18263112754618308,3.700509821818354,4.410098924382263,767.8209604717963,156.11974928942897,20,FALSE,B2C,Retail (B2C),Pre-reform (2014-15),0,1,0,2
Retail,2016,50,2.0888420043979807,0.17061272171433414,1.7704458813263024,2.426887608784419,96.55328780289844,97.19331604042466,61,TRUE,B2C,Retail (B2C),Post-reform (2016-23),1,1,1,2
Retail,2017,50,1.7553951898719011,0.16389012364593208,1.4531836411906558,2.122896591135204,93.01914315878537,109.30664756993406,63,TRUE,B2C,Retail (B2C),Post-reform (2016-23),1,1,1,2
Retail,2018,50,2.4170469197223867,0.2096212428777172,2.0113009962380852,2.853488484734276,134.61336342088882,152.0637341668269,66,TRUE,B2C,Retail (B2C),Post-reform (2016-23),1,1,1,2
Retail,2019,50,2.219728408372683,0.17866960436067952,1.932065129401325,2.6057987969324072,129.93085426545056,130.48356796040034,64,TRUE,B2C,Retail (B2C),Post-reform (2016-23),1,1,1,2
Retail,2020,50,1.5805625456558507,0.19948969073688944,1.2122978605921508,2.005495922519767,82.54713952594996,102.39135256724119,62,TRUE,B2C,Retail (B2C),Post-reform (2016-23),1,1,1,2
Retail,2021,50,1.4869529514570519,0.1528431404411591,1.1811407435141705,1.7882521965669418,79.31659899668082,89.1548194727944,62,TRUE,B2C,Retail (B2C),Post-reform (2016-23),1,1,1,2
Retail,2022,50,1.9188265456797002,0.1735430409712245,1.622829262202829,2.270615759793035,100.37684426170803,102.43880880590925,58,TRUE,B2C,Retail (B2C),Post-reform (2016-23),1,1,1,2
Retail,2023,50,1.7033760976073493,0.15064034527056555,1.4245596138840133,2.002350484355493,106.24896531613798,120.06814016995627,65,TRUE,B2C,Retail (B2C),Post-reform (2016-23),1,1,1,2
Food service,2014,10,3.94465170054674,0.4136329943465575,3.206631034966504,4.867641123514475,133.37618951451313,96.77854181741114,20,FALSE,B2C,Food service (B2C),Pre-reform (2014-15),0,1,0,2
Food service,2015,10,2.4110672489646237,0.31310204492615723,1.8536160498161287,3.0511718406853543,70.5107534212818,16.976115035501785,20,FALSE,B2C,Food service (B2C),Pre-reform (2014-15),0,1,0,2
Food service,2016,50,2.282104787727687,0.5635628944439179,1.354340421751493,3.5275530720566524,14.389379130851378,15.42917639366157,63,TRUE,B2C,Food service (B2C),Post-reform (2016-23),1,1,1,2
Food service,2017,50,1.5786480603256448,0.42592291906038626,0.8446765321977071,2.5145090250589117,11.469373036009532,20.227647128481628,67,TRUE,B2C,Food service (B2C),Post-reform (2016-23),1,1,1,2
Food service,2018,50,1.2569693792092604,0.2918165916054569,0.7385892436122641,1.8867569938127011,12.349830609848052,16.822802756302067,62,TRUE,B2C,Food service (B2C),Post-reform (2016-23),1,1,1,2
Food service,2019,50,2.5650372806109565,0.4965912152214033,1.7137738938157068,3.638727127705397,21.35172413097388,26.54475343758087,66,TRUE,B2C,Food service (B2C),Post-reform (2016-23),1,1,1,2
Food service,2020,50,1.301019173811199,0.3785506925589489,0.6252303661477551,2.0507949010788096,9.853162805997158,15.47833786577759,59,TRUE,B2C,Food service (B2C),Post-reform (2016-23),1,1,1,2
Food service,2021,50,0.5641647186872587,0.4670993952106844,-0.0621919367178278,1.6961078847551514,4.180359232360722,33.05917063660827,71,TRUE,B2C,Food service (B2C),Post-reform (2016-23),1,1,1,2
Food service,2022,50,4.099123496839545,1.5865306332363935,2.129548761762656,8.169736937492136,26.211277154755404,34.12267043602255,79,TRUE,B2C,Food service (B2C),Post-reform (2016-23),1,1,1,2
Food service,2023,50,1.5846993307123796,0.43876749002690174,0.8537642528072559,2.545995639941755,12.820121396771711,15.975877643256375,63,TRUE,B2C,Food service (B2C),Post-reform (2016-23),1,1,1,2
Wholesale,2014,10,2.3012612568849993,0.14705436112949397,2.0351500311803226,2.6319219479361444,460.6523119251112,536.987602504894,20,TRUE,B2B,Wholesale (B2B),Pre-reform (2014-15),0,0,0,2
Wholesale,2015,10,2.0330765226761094,0.1250188837155225,1.7581014674201723,2.2610274602059186,338.7556411480629,26.248183582821838,20,FALSE,B2B,Wholesale (B2B),Pre-reform (2014-15),0,0,0,2
Wholesale,2016,50,1.9893000710148498,0.16909463359245597,1.6671387242100812,2.308451240490666,88.26262910828243,90.7009598365467,60,TRUE,B2B,Wholesale (B2B),Post-reform (2016-23),1,0,0,2
Wholesale,2017,50,2.0881603872239833,0.1560398618099364,1.8007794938907828,2.4262857426047297,109.81821668645776,127.9362847336714,61,TRUE,B2B,Wholesale (B2B),Post-reform (2016-23),1,0,0,2
Wholesale,2018,50,2.01670280288931,0.18271523332685546,1.6882838727955738,2.3824352254847243,118.99276290517672,132.795015593325,62,TRUE,B2B,Wholesale (B2B),Post-reform (2016-23),1,0,0,2
Wholesale,2019,50,1.904050266525469,0.14969959056244286,1.6436765552223056,2.222520933065742,125.8295706322372,126.91491201598835,62,TRUE,B2B,Wholesale (B2B),Post-reform (2016-23),1,0,0,2
Wholesale,2020,50,1.1188903691592,0.1361584297394883,0.8568823676643549,1.3732030518109224,72.46675189519036,82.7265866717812,60,TRUE,B2B,Wholesale (B2B),Post-reform (2016-23),1,0,0,2
Wholesale,2021,50,1.700362852046179,0.16302833343112882,1.3959490128702887,2.0414993825081966,112.12104122973993,131.07789061765894,61,TRUE,B2B,Wholesale (B2B),Post-reform (2016-23),1,0,0,2
Wholesale,2022,50,2.0483762244625496,0.18353923040496847,1.711402056364205,2.4276683883174712,145.2147586650738,153.49592296172753,69,TRUE,B2B,Wholesale (B2B),Post-reform (2016-23),1,0,0,2
Wholesale,2023,50,3.0062808836764834,0.18339761888242376,2.678567960466861,3.4012141286927755,253.41177660407496,254.70738024791422,62,TRUE,B2B,Wholesale (B2B),Post-reform (2016-23),1,0,0,2
Manufacturing,2014,10,3.0180566580965005,0.20912559837995626,2.6185617333164966,3.414462965502116,248.9958845793333,129.54238462263896,20,FALSE,B2B,Manufacturing (B2B),Pre-reform (2014-15),0,0,0,2
Manufacturing,2015,10,1.6554294725269392,0.15738295506896818,1.3520893640278953,1.9659458830973542,124.53888342433429,67.86051627663413,20,FALSE,B2B,Manufacturing (B2B),Pre-reform (2014-15),0,0,0,2
Manufacturing,2016,50,0.9521484016143543,0.26236995104005256,0.48806759303571445,1.5509554246990556,13.223618583957677,13.916730556207364,58,TRUE,B2B,Manufacturing (B2B),Post-reform (2016-23),1,0,0,2
Manufacturing,2017,50,2.5923900730182416,0.5055550232472391,1.7469756927352829,3.6952263523298132,40.07928165024671,16.18114585228109,80,FALSE,B2B,Manufacturing (B2B),Post-reform (2016-23),1,0,0,2
Manufacturing,2018,50,3.6649022443520627,1.0069312038654874,2.2019247702402223,5.900711555135382,45.286422613985835,-178.89053956552567,80,FALSE,B2B,Manufacturing (B2B),Post-reform (2016-23),1,0,0,2
Manufacturing,2019,50,2.0956301810386853,0.29088820488694267,1.600878105681971,2.708122552495795,45.53904475455893,46.84407057846479,68,TRUE,B2B,Manufacturing (B2B),Post-reform (2016-23),1,0,0,2
Manufacturing,2020,50,2.6349478067506746,0.6025466910401311,1.7302933081701548,4.025283298664907,43.205671706029534,-128.42919411053217,80,FALSE,B2B,Manufacturing (B2B),Post-reform (2016-23),1,0,0,2
Manufacturing,2021,50,0.9588243655377223,0.2305181924325294,0.5039356082361383,1.4009868259923155,22.683909991204537,63.307767850332674,69,TRUE,B2B,Manufacturing (B2B),Post-reform (2016-23),1,0,0,2
Manufacturing,2022,50,2.0628112072354265,0.22736847263744253,1.67993028103009,2.5675066071862376,57.373492029972134,62.64082522891373,59,TRUE,B2B,Manufacturing (B2B),Post-reform (2016-23),1,0,0,2
Manufacturing,2023,50,2.132877730543205,0.26976558833776015,1.5770915063935136,2.73306515307631,63.47730999105387,88.95457830395956,67,TRUE,B2B,Manufacturing (B2B),Post-reform (2016-23),1,0,0,2
Retail,2014,10,6.113958212796668,0.27350977377502517,5.586667054488575,6.654787887156301,1247.7522949177812,541.7271907924037,20,FALSE,B2C,Retail (B2C),Pre-reform (2014-15),0,1,0,3
Retail,2015,10,4.3122486603551655,0.18020864277339857,3.9398477747752354,4.673239425551447,819.1342591654147,141.59190650446274,20,FALSE,B2C,Retail (B2C),Pre-reform (2014-15),0,1,0,3
Retail,2016,50,2.473240705549949,0.22799837717683152,2.027845640118043,2.942787018806664,113.42154502058595,139.08405334924126,63,TRUE,B2C,Retail (B2C),Post-reform (2016-23),1,1,1,3
Retail,2017,50,2.346957050143036,0.24569274294845056,1.9131845852182259,2.8494649245043178,119.3898345642834,120.82681132156404,63,TRUE,B2C,Retail (B2C),Post-reform (2016-23),1,1,1,3
Retail,2018,50,3.105579319465022,0.26809394389683666,2.634472887825729,3.6986662655590585,167.3445782362742,198.54325941303608,67,TRUE,B2C,Retail (B2C),Post-reform (2016-23),1,1,1,3
Retail,2019,50,2.9679505489514404,0.24136336008441414,2.5457172610120393,3.4543328461886627,166.1031664419455,174.514185120905,66,TRUE,B2C,Retail (B2C),Post-reform (2016-23),1,1,1,3
Retail,2020,50,2.1595921562512297,0.28908966235425454,1.6415149553680908,2.749597292112865,107.9881431399105,132.01562051937134,65,TRUE,B2C,Retail (B2C),Post-reform (2016-23),1,1,1,3
Retail,2021,50,1.6012412862621899,0.2198151909989435,1.2293651754922594,2.106538859776532,84.91249415988813,130.474052854842,62,TRUE,B2C,Retail (B2C),Post-reform (2016-23),1,1,1,3
Retail,2022,50,2.3554465613339617,0.25447133970088076,1.8776460400085355,2.854652363001395,120.511399080182,131.45659030929107,63,TRUE,B2C,Retail (B2C),Post-reform (2016-23),1,1,1,3
Retail,2023,50,2.032221566985549,0.23145393419853383,1.5988436167476319,2.5061971416158766,120.34486536419882,122.47325194130303,59,TRUE,B2C,Retail (B2C),Post-reform (2016-23),1,1,1,3
Food service,2014,10,6.030298526070898,0.5405760739559736,5.067975287259967,7.275677033798518,164.94291209081317,43.741719184735416,20,FALSE,B2C,Food service (B2C),Pre-reform (2014-15),0,1,0,3
Food service,2015,10,2.3562794193711456,0.32308110283453717,1.8111302534353826,3.048848990240201,72.5851050246151,29.622042718356457,20,FALSE,B2C,Food service (B2C),Pre-reform (2014-15),0,1,0,3
Food service,2016,50,2.8185337272920004,0.9564994584187289,1.3187166800096528,5.006530885739668,16.954216487996888,20.90220223821531,70,TRUE,B2C,Food service (B2C),Post-reform (2016-23),1,1,1,3
Food service,2017,50,2.1018898473761465,0.6991766714319068,0.9176241099659694,3.6255280845873914,14.419391021544593,16.233291215173303,71,TRUE,B2C,Food service (B2C),Post-reform (2016-23),1,1,1,3
Food service,2018,50,1.8199998289553467,0.4435990560008567,1.0676735569454845,2.858907264718704,16.614106911989506,20.151716498178338,62,TRUE,B2C,Food service (B2C),Post-reform (2016-23),1,1,1,3
Food service,2019,50,5.277021001133368,1.4314641428490336,3.0887194959807913,8.426619272299455,31.87753782677843,-42.841597350658795,80,FALSE,B2C,Food service (B2C),Post-reform (2016-23),1,1,1,3
Food service,2020,50,1.0660182656465307,0.44429598777614726,0.3101516601328984,2.0664873294180404,7.865323242543463,8.921163699117095,55,TRUE,B2C,Food service (B2C),Post-reform (2016-23),1,1,1,3
Food service,2021,50,1.2506142062196557,0.6821413396232779,0.2285017093412529,3.0149670873519163,8.532369728426922,20.87403267071341,71,TRUE,B2C,Food service (B2C),Post-reform (2016-23),1,1,1,3
Food service,2022,50,2.9545996729049486,1.0873550929979923,1.329312342156146,5.192684675858796,21.832262914224785,35.83759554584226,75,TRUE,B2C,Food service (B2C),Post-reform (2016-23),1,1,1,3
Food service,2023,50,2.484249672272632,1.160634980076808,0.939177567727076,5.491578059475218,18.119158103487127,17.4791514562449,80,FALSE,B2C,Food service (B2C),Post-reform (2016-23),1,1,1,3
Wholesale,2014,10,5.117680132016058,0.48090544590418743,4.123126628981646,6.182259237137082,697.8929711455363,-110.34746693966225,20,FALSE,B2B,Wholesale (B2B),Pre-reform (2014-15),0,0,0,3
Wholesale,2015,10,2.2885585560650057,0.1626950431754238,1.9942527707948343,2.610880909284691,370.42345342759313,-107.66434177080427,20,FALSE,B2B,Wholesale (B2B),Pre-reform (2014-15),0,0,0,3
Wholesale,2016,50,2.3639880823853434,0.2851943225251054,1.831465748441754,2.955578905673943,102.24579672621277,105.82718792964742,68,TRUE,B2B,Wholesale (B2B),Post-reform (2016-23),1,0,0,3
Wholesale,2017,50,2.5140474861667594,0.2244480968909141,2.0755881011990915,2.92837596490012,128.11774751398914,135.96450028231945,65,TRUE,B2B,Wholesale (B2B),Post-reform (2016-23),1,0,0,3
Wholesale,2018,50,2.368550073626915,0.23890092784361974,1.921210413883606,2.8519537795371894,136.32767930136262,140.52160621378198,62,TRUE,B2B,Wholesale (B2B),Post-reform (2016-23),1,0,0,3
Wholesale,2019,50,2.348077893167091,0.241750620784057,1.9187633644416389,2.859421789196527,149.71632380167387,168.2260036612431,63,TRUE,B2B,Wholesale (B2B),Post-reform (2016-23),1,0,0,3
Wholesale,2020,50,1.9734328823672285,0.20797903664479941,1.5772928233035741,2.4159186320932213,119.43526969038038,131.60706722125565,63,TRUE,B2B,Wholesale (B2B),Post-reform (2016-23),1,0,0,3
Wholesale,2021,50,2.362082605897106,0.2541782716036207,1.8966586793801425,2.8680123681588854,148.01333994902973,178.15819554607734,63,TRUE,B2B,Wholesale (B2B),Post-reform (2016-23),1,0,0,3
Wholesale,2022,50,2.4175933418142472,0.2517145408638198,1.9400105761985729,2.9363026255423166,166.00447217282772,180.30042696044254,66,TRUE,B2B,Wholesale (B2B),Post-reform (2016-23),1,0,0,3
Wholesale,2023,50,3.5503699272798817,0.2846759695734459,3.000481676078489,4.178040646581982,285.6395856185593,295.9937543531614,63,TRUE,B2B,Wholesale (B2B),Post-reform (2016-23),1,0,0,3
Manufacturing,2014,10,4.04467125299763,0.22735132583836778,3.617088241432432,4.465214200783851,299.1301718891543,10.330108224172573,20,FALSE,B2B,Manufacturing (B2B),Pre-reform (2014-15),0,0,0,3
Manufacturing,2015,10,2.4730735600216933,0.23611057144865064,2.019029280345958,2.9651151329671688,166.28518877140323,-35.09687879335043,20,FALSE,B2B,Manufacturing (B2B),Pre-reform (2014-15),0,0,0,3
Manufacturing,2016,50,1.0733002236415559,0.33897132077889897,0.4724494148045385,1.76468166643727,15.282795166902059,17.19095983602002,60,TRUE,B2B,Manufacturing (B2B),Post-reform (2016-23),1,0,0,3
Manufacturing,2017,50,2.7399919687433747,0.48055013779812816,1.889928831031022,3.855803054037575,43.91630902918786,51.68856682947163,72,TRUE,B2B,Manufacturing (B2B),Post-reform (2016-23),1,0,0,3
Manufacturing,2018,50,1.3351174954133846,0.3833439153246239,0.7098555132435042,2.1514576340280924,25.870087658150084,41.35645088043151,69,TRUE,B2B,Manufacturing (B2B),Post-reform (2016-23),1,0,0,3
Manufacturing,2019,50,2.5005877490584756,0.38541321545897744,1.754927428534665,3.2961118371576417,53.18863728515558,60.08213478396876,68,TRUE,B2B,Manufacturing (B2B),Post-reform (2016-23),1,0,0,3
Manufacturing,2020,50,1.609953756973649,0.33410104481438707,1.0487723512404759,2.3738078912771075,33.87572254715279,46.095072251388075,65,TRUE,B2B,Manufacturing (B2B),Post-reform (2016-23),1,0,0,3
Manufacturing,2021,50,1.6056982279019358,0.39985251026634,0.9324824124704756,2.4075394958326766,35.211929438975076,49.07740344939232,71,TRUE,B2B,Manufacturing (B2B),Post-reform (2016-23),1,0,0,3
Manufacturing,2022,50,2.8152226494901034,0.3608858710737057,2.188144877194942,3.6828201305416908,73.58511763260114,74.74843326271422,61,TRUE,B2B,Manufacturing (B2B),Post-reform (2016-23),1,0,0,3
Manufacturing,2023,50,2.1193109897343083,0.3454543560938097,1.539372252387099,2.9321668950085638,61.6835621245977,75.35016402375514,63,TRUE,B2B,Manufacturing (B2B),Post-reform (2016-23),1,0,0,3
Retail,2014,10,20.07567721667454,11.398945955591238,11.067762883674018,51.14941991831384,1771.9465874831967,-468.23050506067113,20,FALSE,B2C,Retail (B2C),Pre-reform (2014-15),0,1,0,4
Retail,2015,10,13.338319202435228,10.915106448811088,6.47404754146223,40.71971066784239,1237.799082260751,-725.1550242017979,20,FALSE,B2C,Retail (B2C),Pre-reform (2014-15),0,1,0,4
Retail,2016,50,2.506824214267591,0.2943469712837686,1.9854208472353791,3.167321834142302,114.42245358418347,129.29874256102076,64,TRUE,B2C,Retail (B2C),Post-reform (2016-23),1,1,1,4
Retail,2017,50,2.731254263197565,0.29825283638557426,2.234435183808232,3.3819156409210307,139.58044515965807,149.58380401759885,66,TRUE,B2C,Retail (B2C),Post-reform (2016-23),1,1,1,4
Retail,2018,50,3.1771499998345405,0.34398716199433566,2.5906704572941224,3.960469504853827,170.87282555950554,199.0828352633435,67,TRUE,B2C,Retail (B2C),Post-reform (2016-23),1,1,1,4
Retail,2019,50,3.3040088362696642,0.28240093669435795,2.828591413832679,3.9031581441583136,183.6563478489141,186.14530164024117,67,TRUE,B2C,Retail (B2C),Post-reform (2016-23),1,1,1,4
Retail,2020,50,2.1422555968064443,0.3429329554170936,1.5292029063876411,2.8163073709426754,107.77099210221144,114.90902636296914,63,TRUE,B2C,Retail (B2C),Post-reform (2016-23),1,1,1,4
Retail,2021,50,2.019193900223293,0.31338822221208235,1.4469013241897049,2.6026498701547154,103.99234838505535,119.67221775524379,61,TRUE,B2C,Retail (B2C),Post-reform (2016-23),1,1,1,4
Retail,2022,50,2.44871332573497,0.3084567164647124,1.8810099886504679,3.06662580977269,126.82688925426314,144.4535186897433,64,TRUE,B2C,Retail (B2C),Post-reform (2016-23),1,1,1,4
Retail,2023,50,2.3681740713734643,0.2867068994631918,1.8924740887412848,2.9890393202684393,140.19742785002734,153.00161601319658,63,TRUE,B2C,Retail (B2C),Post-reform (2016-23),1,1,1,4
Food service,2014,10,23.21820009837465,26.583603965102068,9.96354958784452,83.33626183617865,237.99802352960722,-105.91951132191537,20,FALSE,B2C,Food service (B2C),Pre-reform (2014-15),0,1,0,4
Food service,2015,10,11.681446145030083,11.378748759098823,4.693616796614065,44.69217587442736,148.98429694549927,-126.9442538747306,20,FALSE,B2C,Food service (B2C),Pre-reform (2014-15),0,1,0,4
Food service,2016,50,5.893945802342333,2.602352540801313,2.58243282660591,12.420557964232891,23.828494394812537,-38.358362525121265,80,FALSE,B2C,Food service (B2C),Post-reform (2016-23),1,1,1,4
Food service,2017,50,2.0463292236924255,0.7690770004973463,0.7505928262681407,3.779260453687476,14.55298799707742,18.00958800732141,67,TRUE,B2C,Food service (B2C),Post-reform (2016-23),1,1,1,4
Food service,2018,50,1.790971329836604,0.5131068395093057,0.9901935894532499,2.9810257959338644,16.391288278752068,16.65601952366304,60,TRUE,B2C,Food service (B2C),Post-reform (2016-23),1,1,1,4
Food service,2019,50,2.733898428117001,0.7026519557980497,1.6072694705014618,4.258869457829665,23.54744588494274,32.824267939365,69,TRUE,B2C,Food service (B2C),Post-reform (2016-23),1,1,1,4
Food service,2020,50,1.1821130971395877,0.5722307405875516,0.30047734932783665,2.523796888750543,8.668336033827464,9.29216671048761,55,TRUE,B2C,Food service (B2C),Post-reform (2016-23),1,1,1,4
Food service,2021,50,0.9170949612338476,0.7435025688952207,-0.21408202690568978,2.6691807648768995,6.5279039547225315,11.009629880515398,67,TRUE,B2C,Food service (B2C),Post-reform (2016-23),1,1,1,4
Food service,2022,50,3.034864358161398,1.2292864143826172,1.3724506150833666,5.989321706003885,22.43297647115374,24.528496638822475,74,TRUE,B2C,Food service (B2C),Post-reform (2016-23),1,1,1,4
Food service,2023,50,0.9901354892792054,0.5344228957478337,-0.004877101068921447,2.059197525263576,8.730416563213973,14.12116065016931,55,TRUE,B2C,Food service (B2C),Post-reform (2016-23),1,1,1,4
Wholesale,2014,10,210.6803852458209,2438.311571880324,20.10127958098675,1454.6902102055678,1279.7034160618475,-829,20,FALSE,B2B,Wholesale (B2B),Pre-reform (2014-15),0,0,0,4
Wholesale,2015,10,75.82532517519722,268.91500782232623,12.540221763182934,315.91245367736656,1019.2326023654762,-1019,20,FALSE,B2B,Wholesale (B2B),Pre-reform (2014-15),0,0,0,4
Wholesale,2016,50,3.2455240414285327,0.43080546616720683,2.4866895354004344,4.204285281725331,127.66148404426013,9.995508230161022,80,FALSE,B2B,Wholesale (B2B),Post-reform (2016-23),1,0,0,4
Wholesale,2017,50,2.740309501358441,0.2604805355359096,2.2869576765123827,3.2769116397809253,139.041960799531,150.06194816327908,68,TRUE,B2B,Wholesale (B2B),Post-reform (2016-23),1,0,0,4
Wholesale,2018,50,2.6774795051018487,0.3518380455689435,2.0443431548013953,3.4350273539491822,151.56725709981222,151.97111396464055,72,TRUE,B2B,Wholesale (B2B),Post-reform (2016-23),1,0,0,4
Wholesale,2019,50,2.559947504159072,0.2790985537328054,2.042801167175219,3.1225681298772576,161.94919449469018,162.9671616989423,64,TRUE,B2B,Wholesale (B2B),Post-reform (2016-23),1,0,0,4
Wholesale,2020,50,2.3952897678859215,0.27620304149071445,1.9145551017451679,2.9171885773311663,140.82691878132454,166.4396823522014,72,TRUE,B2B,Wholesale (B2B),Post-reform (2016-23),1,0,0,4
Wholesale,2021,50,2.613055191092506,0.3226485154592769,2.032399535838324,3.273828728980469,162.4008347889799,172.07342336913965,62,TRUE,B2B,Wholesale (B2B),Post-reform (2016-23),1,0,0,4
Wholesale,2022,50,2.6656613045383204,0.2913400409650958,2.157656645958463,3.300504464790787,180.75909570007377,183.02887991675013,69,TRUE,B2B,Wholesale (B2B),Post-reform (2016-23),1,0,0,4
Wholesale,2023,50,3.555684603950275,0.31881655964286315,2.868794421645024,4.159890324305271,288.4761310817498,309.53430111037056,63,TRUE,B2B,Wholesale (B2B),Post-reform (2016-23),1,0,0,4
Manufacturing,2014,10,61.365162695562795,1700.5435509058043,11.38478080504693,613.1076371064214,582.0593004327005,-335,20,FALSE,B2B,Manufacturing (B2B),Pre-reform (2014-15),0,0,0,4
Manufacturing,2015,10,41.608650394463055,161.34071593062774,7.282646027059668,201.68790908996624,416.0075866261231,-378,20,FALSE,B2B,Manufacturing (B2B),Pre-reform (2014-15),0,0,0,4
Manufacturing,2016,50,1.2991775836141515,0.4653052041969677,0.5775909717612051,2.317376292881522,18.87777345820944,25.71834845755148,63,TRUE,B2B,Manufacturing (B2B),Post-reform (2016-23),1,0,0,4
Manufacturing,2017,50,2.7423068762715066,0.5214897940939051,1.783408762892602,3.8734423432987684,44.33370580706824,56.57051094087224,72,TRUE,B2B,Manufacturing (B2B),Post-reform (2016-23),1,0,0,4
Manufacturing,2018,50,1.2589831204069755,0.4267373571741858,0.5246866479436746,2.1895532204828307,24.41846177128893,33.22304903126804,61,TRUE,B2B,Manufacturing (B2B),Post-reform (2016-23),1,0,0,4
Manufacturing,2019,50,2.2665357466292058,0.40355372016069585,1.5493348246127607,3.081133631202448,49.91305334898585,60.3372792750995,63,TRUE,B2B,Manufacturing (B2B),Post-reform (2016-23),1,0,0,4
Manufacturing,2020,50,1.6524838863494733,0.40010941181530296,0.9074507108289824,2.510049163466192,34.496887122515915,36.16131481761412,63,TRUE,B2B,Manufacturing (B2B),Post-reform (2016-23),1,0,0,4
Manufacturing,2021,50,1.6735654079045428,0.4172999959399809,0.9165478437836829,2.595827002272923,37.756922994723965,39.212988475295184,66,TRUE,B2B,Manufacturing (B2B),Post-reform (2016-23),1,0,0,4
Manufacturing,2022,50,3.4208036556230508,0.4915431595200091,2.54604924186174,4.432908817231215,88.96814094184751,97.5331018937348,64,TRUE,B2B,Manufacturing (B2B),Post-reform (2016-23),1,0,0,4
Manufacturing,2023,50,2.4552224157110123,0.4025547452189905,1.706741448622703,3.2454346261610407,71.12482919574022,72.7752309781788,63,TRUE,B2B,Manufacturing (B2B),Post-reform (2016-23),1,0,0,4
Retail,2014,10,30.24044942665897,16.764754195089882,13.133215900405258,70.73195073792368,2031.1643284195188,-648.1700513150096,20,FALSE,B2C,Retail (B2C),Pre-reform (2014-15),0,1,0,5
Retail,2015,10,21.24736246119053,21.388190740274222,8.033228995824231,90.26271376123685,1494.3456189684766,-966.1583269271389,20,FALSE,B2C,Retail (B2C),Pre-reform (2014-15),0,1,0,5
Retail,2016,50,3.7198272302277355,0.3946212749216966,2.9611893331470185,4.4981493998461914,151.86751514645414,29.320087588297643,80,FALSE,B2C,Retail (B2C),Post-reform (2016-23),1,1,1,5
Retail,2017,50,2.8024360239005035,0.3237432462028702,2.214838893606891,3.405500898496971,146.54319423433262,150.69069833271476,64,TRUE,B2C,Retail (B2C),Post-reform (2016-23),1,1,1,5
Retail,2018,50,3.474227295948842,0.3376766838583673,2.857100002494472,4.199904575408566,184.89904220789344,187.24785599026987,67,TRUE,B2C,Retail (B2C),Post-reform (2016-23),1,1,1,5
Retail,2019,50,3.1754012076795264,0.27301610568331486,2.688384661377831,3.7616253981058456,181.3871058209806,196.96213916174813,66,TRUE,B2C,Retail (B2C),Post-reform (2016-23),1,1,1,5
Retail,2020,50,2.6966027424442793,0.41418885674587413,1.8334605020931103,3.5333009657821925,131.38602345162232,145.03634341193262,71,TRUE,B2C,Retail (B2C),Post-reform (2016-23),1,1,1,5
Retail,2021,50,2.6389237886704993,0.37744707848164993,1.913425848374969,3.4695711838497396,130.23749101991356,133.17861035668804,65,TRUE,B2C,Retail (B2C),Post-reform (2016-23),1,1,1,5
Retail,2022,50,2.6323641624549916,0.31834033443287907,2.0892188584167086,3.2662811633398086,136.2335211001344,143.79511535989144,64,TRUE,B2C,Retail (B2C),Post-reform (2016-23),1,1,1,5
Retail,2023,50,2.8080445600763353,0.38582342246008217,2.1036328447472323,3.5995416297361214,160.39712173233315,168.45214463999585,72,TRUE,B2C,Retail (B2C),Post-reform (2016-23),1,1,1,5
Food service,2014,10,32.01948750903621,27.220964518267497,12.44823484720272,93.4598847457533,267.2652245085004,-120.38230477825452,20,FALSE,B2C,Food service (B2C),Pre-reform (2014-15),0,1,0,5
Food service,2015,10,21.356550286340518,26.824794642240075,6.5114541726345205,76.08320440022047,190.41905191557058,-161.0431480615031,20,FALSE,B2C,Food service (B2C),Pre-reform (2014-15),0,1,0,5
Food service,2016,50,6.517349933123385,2.569327525654579,3.2807669585686567,12.720376677145445,26.030128342412326,-37.00628052959325,80,FALSE,B2C,Food service (B2C),Post-reform (2016-23),1,1,1,5
Food service,2017,50,2.090413041859186,0.8416050231698131,0.760858534507278,4.007747448874103,14.7411231864643,15.883473538625923,70,TRUE,B2C,Food service (B2C),Post-reform (2016-23),1,1,1,5
Food service,2018,50,1.566251529212396,0.6232579304682992,0.3956148376078844,2.8724893814963206,14.788893538291907,16.167144983093856,60,TRUE,B2C,Food service (B2C),Post-reform (2016-23),1,1,1,5
Food service,2019,50,3.156052130288164,0.861804210922801,1.821077947496806,4.976402397992848,25.152290003997642,25.801510793010642,73,TRUE,B2C,Food service (B2C),Post-reform (2016-23),1,1,1,5
Food service,2020,50,1.800532065808937,0.7964392906883159,0.5805383195867266,3.7106543065610706,12.97340713504058,13.645125564910774,61,TRUE,B2C,Food service (B2C),Post-reform (2016-23),1,1,1,5
Food service,2021,50,0.9292913297344878,0.7967680436628846,-0.33591391037548846,2.619381521386934,6.582613954743265,22.88696039869125,71,TRUE,B2C,Food service (B2C),Post-reform (2016-23),1,1,1,5
Food service,2022,50,2.8913119202737962,1.0992861852712275,1.0234857899596883,5.466493262163351,20.884332177036583,31.07998125981958,75,TRUE,B2C,Food service (B2C),Post-reform (2016-23),1,1,1,5
Food service,2023,50,1.5790032492159143,0.7622631996704412,0.3402728873351693,3.3298094601290673,13.200355041202554,14.49042295515893,63,TRUE,B2C,Food service (B2C),Post-reform (2016-23),1,1,1,5
Wholesale,2014,10,177.82749619762623,2233.296429056771,30.55085948085224,900.3108631021153,1474.540153108007,-829,20,FALSE,B2B,Wholesale (B2B),Pre-reform (2014-15),0,0,0,5
Wholesale,2015,10,104.47830203714722,709.5554071292386,19.26034452531812,521.552713368758,1253.0337794993166,-1019,20,FALSE,B2B,Wholesale (B2B),Pre-reform (2014-15),0,0,0,5
Wholesale,2016,50,3.1512606563232293,0.448286426594614,2.3311798471830407,4.03695762032375,127.19072541571668,13.293450612999514,80,FALSE,B2B,Wholesale (B2B),Post-reform (2016-23),1,0,0,5
Wholesale,2017,50,4.179402784522582,0.3902671607325872,3.48144877698687,4.977749871204654,183.48680864102647,57.43287494037803,80,FALSE,B2B,Wholesale (B2B),Post-reform (2016-23),1,0,0,5
Wholesale,2018,50,3.4299550946895696,0.4079622979129193,2.688549518602607,4.300707278260645,183.50154067599578,114.90454647431994,80,FALSE,B2B,Wholesale (B2B),Post-reform (2016-23),1,0,0,5
Wholesale,2019,50,3.117098160135059,0.3313902967809117,2.5083561026650205,3.805285457198338,193.92824132633294,204.95270571407062,69,TRUE,B2B,Wholesale (B2B),Post-reform (2016-23),1,0,0,5
Wholesale,2020,50,3.1317568318872078,0.3097275672594132,2.5827857093772018,3.7748805417550955,172.15164358630926,99.27695275759105,80,FALSE,B2B,Wholesale (B2B),Post-reform (2016-23),1,0,0,5
Wholesale,2021,50,3.1473656054437016,0.3533164416227138,2.5428179416400036,3.856273547512422,190.06191115857877,197.79090407069683,68,TRUE,B2B,Wholesale (B2B),Post-reform (2016-23),1,0,0,5
Wholesale,2022,50,3.161791714179246,0.32408007446942705,2.607042676972667,3.8710374539525887,207.64072622141128,210.83876482592933,77,TRUE,B2B,Wholesale (B2B),Post-reform (2016-23),1,0,0,5
Wholesale,2023,50,4.903817831785364,0.3834441261910554,4.2222274818596635,5.787525916851331,366.9018428116525,385.9053468215348,80,TRUE,B2B,Wholesale (B2B),Post-reform (2016-23),1,0,0,5
Manufacturing,2014,10,76.81238930052373,160.65604643288336,14.662092437617911,302.58890861579005,684.4468457508224,-335,20,FALSE,B2B,Manufacturing (B2B),Pre-reform (2014-15),0,0,0,5
Manufacturing,2015,10,63.63649239752439,140.22350963576304,12.18680382608406,200.61756499422984,521.0596794526558,-378,20,FALSE,B2B,Manufacturing (B2B),Pre-reform (2014-15),0,0,0,5
Manufacturing,2016,50,1.5582208325434357,0.5000606755619367,0.6899768619399177,2.6932635280711734,22.809417941810224,25.179134264676243,61,TRUE,B2B,Manufacturing (B2B),Post-reform (2016-23),1,0,0,5
Manufacturing,2017,50,3.0491577279204485,0.5969792148355056,1.9755660685938703,4.361839657299383,47.730941137518926,70.06325762727667,78,TRUE,B2B,Manufacturing (B2B),Post-reform (2016-23),1,0,0,5
Manufacturing,2018,50,2.3829431966915915,0.6303916699621213,1.294168414695379,3.8305023901209245,42.28199384040833,3.7171403747225717,80,FALSE,B2B,Manufacturing (B2B),Post-reform (2016-23),1,0,0,5
Manufacturing,2019,50,3.1394090648294855,0.5578193948026178,2.1712488186319696,4.340539089452342,65.5698143157759,75.89396909178002,72,TRUE,B2B,Manufacturing (B2B),Post-reform (2016-23),1,0,0,5
Manufacturing,2020,50,2.7375972960483126,0.6031029760725147,1.7118618721660637,4.143832983397253,52.00927201582671,33.91354248168197,80,FALSE,B2B,Manufacturing (B2B),Post-reform (2016-23),1,0,0,5
Manufacturing,2021,50,1.5881733538451877,0.46188185378254865,0.7785299201590618,2.6068644108455024,36.6417725853516,41.31150426391087,65,TRUE,B2B,Manufacturing (B2B),Post-reform (2016-23),1,0,0,5
Manufacturing,2022,50,3.576080264839635,0.485888517940581,2.6875580364317964,4.548983005872378,92.98722428341807,96.99352856659068,64,TRUE,B2B,Manufacturing (B2B),Post-reform (2016-23),1,0,0,5
Manufacturing,2023,50,4.454841454754662,0.6231691819536919,3.4043768025872083,5.847947513850123,112.13855581876824,91.14069168102569,80,FALSE,B2B,Manufacturing (B2B),Post-reform (2016-23),1,0,0,5
